Area,Issue,Page/Selector,Impact(1-5),Effort(1-5),ROI Score,Owner,Snippet/Path
SEO,Missing unique page titles,/early-access /host-application,5,1,5.0,Frontend,"<title>Request Early Access | Alchemy EV Network</title>"
SEO,Missing unique meta descriptions,/early-access /host-application,5,1,5.0,Frontend,"<meta name=""description"" content=""Get early access to premium EV charging"">"
SEO,Missing H1 tags,/early-access /host-application,4,1,4.0,Frontend,"<h1>Request Early Access to Premium EV Charging</h1>"
SEO,Missing canonical links,All pages,4,1,4.0,Frontend,"<link rel=""canonical"" href=""https://domain.com/page"">"
A11Y,Form selects missing accessible names,form select[data-testid],4,1,4.0,Frontend,"aria-label=""Select your vehicle type"""
Tracking,Missing data-cta on form submits,form submit buttons,3,1,3.0,Frontend,"data-cta=""early-access-submit"""
A11Y,Color contrast insufficient,text-white/60 elements,3,1,3.0,Frontend,"className=""text-white/75"" // Increase opacity"
A11Y,Submit buttons need aria-labels,form submit buttons,3,1,3.0,Frontend,"aria-label=""Submit early access application"""
SEO,Missing robots.txt file,/robots.txt,3,1,3.0,Backend,"User-agent: *\nAllow: /\nSitemap: /sitemap.xml"
SEO,Missing sitemap.xml file,/sitemap.xml,3,2,1.5,Backend,"<?xml version=""1.0""?><urlset>...</urlset>"
SEO,Missing structured data,All pages,3,2,1.5,Frontend,"<script type=""application/ld+json"">{Organization schema}</script>"
UX,Missing form progress indicators,Host application form,3,2,1.5,Frontend,"Add step indicators showing form completion progress"
A11Y,Missing skip navigation link,body element,2,1,2.0,Frontend,"<a href=""#main-content"" className=""sr-only focus:not-sr-only"">Skip to main content</a>"
UX,Missing form loading states,Form components,2,1,2.0,Frontend,"Add loading spinner during form submission"
Performance,Form error handling UI,Form components,2,2,1.0,Frontend,"Add error state display for validation feedback"
Analytics,Form conversion tracking,Form success handlers,2,2,1.0,Frontend,"trackFormSuccess('form-id', applicationId, 300)"
UX,Duplicate submission prevention,Form components,2,2,1.0,Frontend,"Disable submit button after first click"
SEO,Missing Open Graph images,All pages meta,1,1,1.0,Frontend,"<meta property=""og:image"" content=""https://domain.com/og-image.jpg"">"
Security,Missing rate limiting,API endpoints,2,3,0.7,Backend,"Add rate limiting middleware to prevent spam"
Email,Missing confirmation emails,After form success,1,4,0.3,Backend,"Integrate email service for user confirmations"